product_id,title,brand,category,price,currency,weight_g,rating_avg,num_ratings,inventory,created_at
P000001,NeoTech Name Pet,NeoTech,Pet Supplies,201.32,USD,399,2.89,123,67,2023-01-15
P000002,Everest Red Clothing,Everest,Clothing,209.86,USD,1318,2.63,132,63,2024-02-27
P000003,Nimbus Third Books,Nimbus,Books,35.9,USD,137,3.68,121,19,2024-12-01
P000004,Astra Ask Electronics,Astra,Electronics,65.77,USD,729,2.78,113,9,2023-03-10
P000005,Willow Thank Toys,Willow,Toys,66.67,USD,329,3.04,120,12,2025-03-09
P000006,Solace Choose Beauty,Solace,Beauty,55.2,USD,97,4.46,113,10,2025-02-03
P000007,Everest Because Toys,Everest,Toys,88.54,USD,1991,3.87,120,8,2023-07-01
P000008,Orion Another Pet,Orion,Pet Supplies,83.29,USD,821,4.89,114,55,2023-10-17
P000009,Solace Decide Home,Solace,Home & Kitchen,262.97,USD,667,4.39,136,176,2024-12-23
P000010,Solace It Pet,Solace,Pet Supplies,17.09,USD,776,3.19,132,17,2023-07-01
P000011,Astra Skin Automotive,Astra,Automotive,596.98,USD,920,3.45,131,9,2025-06-02
P000012,GreenLeaf Yeah Books,GreenLeaf,Books,57.15,USD,1220,2.74,129,66,2023-01-04
P000013,Orion Eye Sports,Orion,Sports,83.55,USD,262,3.66,124,100,2024-08-11
P000014,Astra Buy Automotive,Astra,Automotive,31.44,USD,181,4.5,128,21,2023-12-25
P000015,Nimbus Out Electronics,Nimbus,Electronics,79.96,USD,1312,3.67,127,7,2025-05-27
P000016,Orion Before Groceries,Orion,Groceries,7.89,USD,780,4.55,121,35,2024-08-16
P000017,Nimbus Major Sports,Nimbus,Sports,131.59,USD,270,3.94,120,20,2023-04-03
P000018,Nimbus Why Electronics,Nimbus,Electronics,253.53,USD,706,4.13,111,71,2023-04-05
P000019,Harbor Show Pet,Harbor,Pet Supplies,79.56,USD,108,3.31,131,134,2023-04-01
P000020,NeoTech Friend Beauty,NeoTech,Beauty,105.32,USD,761,4.44,136,11,2024-09-12
P000021,NeoTech Again Toys,NeoTech,Toys,42.23,USD,247,4.46,118,14,2025-03-15
P000022,GreenLeaf Story Books,GreenLeaf,Books,11.74,USD,786,3.21,105,14,2023-01-11
P000023,Orion Pull Groceries,Orion,Groceries,11.42,USD,833,3.51,127,38,2024-01-28
P000024,Astra Beat Books,Astra,Books,35.68,USD,848,4.58,113,19,2025-07-09
P000025,Everest Yes Toys,Everest,Toys,70.68,USD,2480,4.22,113,4,2023-09-16
P000026,Willow Third Clothing,Willow,Clothing,170.98,USD,172,4.37,126,35,2024-12-15
P000027,Solace Yes Home,Solace,Home & Kitchen,216.09,USD,237,3.77,124,24,2025-08-03
P000028,NeoTech Cut Electronics,NeoTech,Electronics,43.26,USD,571,4.78,114,91,2025-02-23
P000029,GreenLeaf Sing Groceries,GreenLeaf,Groceries,38.71,USD,107,4.45,111,58,2023-05-20
P000030,Nimbus Argue Electronics,Nimbus,Electronics,300.86,USD,241,4.35,141,25,2024-02-02
P000031,Acme Few Pet,Acme,Pet Supplies,115.9,USD,252,2.99,135,130,2023-07-06
P000032,Pulse Challenge Electronics,Pulse,Electronics,583.96,USD,931,4.38,121,42,2024-08-15
P000033,Nimbus Job Groceries,Nimbus,Groceries,29.73,USD,1135,3.65,115,22,2023-08-26
P000034,Acme Cup Sports,Acme,Sports,205.98,USD,1483,4.05,108,5,2023-10-14
P000035,Pulse Decision Groceries,Pulse,Groceries,23.54,USD,81,4.64,107,1,2023-07-05
P000036,Orion Find Electronics,Orion,Electronics,884.22,USD,1570,4.81,127,14,2023-09-30
P000037,Harbor Less Beauty,Harbor,Beauty,36.76,USD,166,4.69,133,53,2023-10-05
P000038,Solace Might Groceries,Solace,Groceries,39.2,USD,626,2.77,112,24,2024-01-08
P000039,Willow Himself Toys,Willow,Toys,69.12,USD,782,3.31,124,112,2024-01-01
P000040,GreenLeaf Quality Automotive,GreenLeaf,Automotive,893.62,USD,585,2.63,109,35,2024-07-02
P000041,Everest Themselves Home,Everest,Home & Kitchen,267.08,USD,895,3.47,116,142,2024-10-23
P000042,Zenith Theory Sports,Zenith,Sports,250.51,USD,1102,3.84,113,171,2023-06-28
P000043,Zenith They Electronics,Zenith,Electronics,717.46,USD,1195,4.53,122,10,2024-09-05
P000044,Everest Clearly Books,Everest,Books,8.96,USD,1920,4.42,106,6,2024-07-18
P000045,Everest Develop Automotive,Everest,Automotive,180.2,USD,958,4.55,127,61,2025-11-08
P000046,Willow Leader Sports,Willow,Sports,287.87,USD,26,3.91,120,84,2023-12-30
P000047,Orion Talk Automotive,Orion,Automotive,840.89,USD,1418,2.92,115,62,2024-12-16
P000048,Zenith Fight Home,Zenith,Home & Kitchen,369.17,USD,194,4.83,119,3,2023-08-06
P000049,Orion Scene Groceries,Orion,Groceries,44.05,USD,800,3.0,115,3,2025-10-12
P000050,NeoTech Ok Beauty,NeoTech,Beauty,212.52,USD,612,3.65,124,13,2025-05-20
P000051,NeoTech Study Pet,NeoTech,Pet Supplies,12.65,USD,31,2.64,124,40,2023-10-10
P000052,Orion Must Beauty,Orion,Beauty,118.75,USD,863,4.12,130,21,2025-03-22
P000053,Nimbus Evening Automotive,Nimbus,Automotive,259.34,USD,418,4.84,126,2,2023-08-17
P000054,Everest Every Books,Everest,Books,25.48,USD,255,3.91,121,15,2023-02-02
P000055,Nimbus Business Pet,Nimbus,Pet Supplies,63.36,USD,1244,3.84,128,156,2024-06-26
P000056,Orion Program Home,Orion,Home & Kitchen,99.7,USD,1984,4.09,115,15,2023-07-15
P000057,Solace Challenge Groceries,Solace,Groceries,9.84,USD,1129,3.34,103,33,2024-05-05
P000058,NeoTech Future Sports,NeoTech,Sports,165.14,USD,425,3.57,117,29,2024-01-26
P000059,Solace Huge Pet,Solace,Pet Supplies,93.47,USD,614,4.35,124,24,2024-11-21
P000060,Everest Wear Automotive,Everest,Automotive,481.35,USD,1237,2.66,100,10,2023-02-05
P000061,NeoTech Science Sports,NeoTech,Sports,217.56,USD,201,3.6,122,142,2023-04-20
P000062,Acme Her Books,Acme,Books,13.04,USD,2199,2.54,142,40,2025-06-30
P000063,Everest Across Clothing,Everest,Clothing,156.04,USD,11,3.96,114,5,2023-06-16
P000064,Willow May Beauty,Willow,Beauty,30.23,USD,225,3.22,124,61,2023-12-18
P000065,Acme Raise Books,Acme,Books,40.63,USD,1013,3.33,108,18,2025-08-05
P000066,NeoTech Culture Toys,NeoTech,Toys,52.13,USD,486,4.88,115,76,2025-08-15
P000067,Willow Follow Automotive,Willow,Automotive,511.7,USD,1389,3.18,129,70,2023-06-20
P000068,Nimbus Office Clothing,Nimbus,Clothing,93.16,USD,1254,3.09,114,89,2023-07-15
P000069,GreenLeaf Age Sports,GreenLeaf,Sports,53.08,USD,405,2.92,122,151,2024-04-05
P000070,Zenith Practice Pet,Zenith,Pet Supplies,65.44,USD,152,2.57,126,21,2024-04-23
P000071,Solace Parent Pet,Solace,Pet Supplies,54.02,USD,1012,4.35,120,6,2024-12-29
P000072,Orion Side Beauty,Orion,Beauty,59.55,USD,1926,3.57,115,110,2024-02-23
P000073,Solace They Home,Solace,Home & Kitchen,429.55,USD,59,2.6,103,49,2023-09-13
P000074,Everest Several Sports,Everest,Sports,127.28,USD,673,4.5,127,87,2024-01-27
P000075,Solace Green Beauty,Solace,Beauty,68.96,USD,635,3.35,129,85,2024-05-21
P000076,Willow Institution Books,Willow,Books,9.22,USD,1766,3.94,104,119,2023-11-11
P000077,NeoTech Woman Clothing,NeoTech,Clothing,162.43,USD,279,3.88,105,4,2025-07-09
P000078,Orion Source Home,Orion,Home & Kitchen,320.41,USD,1126,4.23,149,45,2025-09-07
P000079,Zenith Within Beauty,Zenith,Beauty,41.88,USD,189,3.73,150,14,2024-06-15
P000080,GreenLeaf Know Home,GreenLeaf,Home & Kitchen,246.91,USD,1296,4.48,100,249,2024-03-22
P000081,Zenith Exist Pet,Zenith,Pet Supplies,109.45,USD,908,2.5,126,51,2025-09-27
P000082,Everest Institution Toys,Everest,Toys,125.46,USD,1962,4.51,94,117,2024-09-14
P000083,Zenith Common Pet,Zenith,Pet Supplies,258.02,USD,156,2.52,109,17,2024-06-21
P000084,Zenith Win Automotive,Zenith,Automotive,280.17,USD,958,3.86,126,5,2023-11-12
P000085,Pulse Picture Pet,Pulse,Pet Supplies,147.59,USD,48,4.36,108,59,2025-10-09
P000086,GreenLeaf Yes Toys,GreenLeaf,Toys,17.74,USD,1691,3.97,141,28,2024-07-03
P000087,Orion Out Electronics,Orion,Electronics,563.56,USD,134,4.24,107,219,2025-02-27
P000088,Solace Case Toys,Solace,Toys,66.25,USD,440,3.74,132,93,2024-11-26
P000089,Acme Story Sports,Acme,Sports,126.47,USD,30,3.46,134,4,2025-10-03
P000090,Harbor Believe Toys,Harbor,Toys,146.21,USD,759,3.16,133,146,2023-11-21
P000091,Nimbus Space Pet,Nimbus,Pet Supplies,79.35,USD,396,3.12,123,155,2023-05-29
P000092,Solace Half Automotive,Solace,Automotive,936.3,USD,1743,3.66,104,23,2024-04-26
P000093,Zenith Company Beauty,Zenith,Beauty,177.77,USD,602,3.19,133,38,2024-04-28
P000094,NeoTech Reason Toys,NeoTech,Toys,90.64,USD,642,2.96,106,27,2023-06-04
P000095,Nimbus Use Sports,Nimbus,Sports,80.85,USD,1604,4.09,110,62,2023-06-30
P000096,Acme Food Pet,Acme,Pet Supplies,64.34,USD,1665,4.86,137,30,2023-03-26
P000097,Pulse Eat Automotive,Pulse,Automotive,1004.12,USD,569,3.6,124,26,2025-06-18
P000098,GreenLeaf Leave Clothing,GreenLeaf,Clothing,66.31,USD,1147,3.15,119,16,2023-04-05
P000099,Astra Election Pet,Astra,Pet Supplies,69.2,USD,438,3.05,111,51,2023-06-11
P000100,GreenLeaf One Clothing,GreenLeaf,Clothing,38.71,USD,900,4.89,136,22,2025-06-06
P000101,Everest House Automotive,Everest,Automotive,510.31,USD,913,4.01,92,12,2023-01-06
P000102,GreenLeaf Collection Groceries,GreenLeaf,Groceries,35.48,USD,62,3.88,105,6,2023-12-28
P000103,Orion Market Automotive,Orion,Automotive,327.72,USD,468,4.58,126,36,2024-07-30
P000104,Harbor Indeed Books,Harbor,Books,17.33,USD,1473,3.15,134,5,2025-01-03
P000105,Astra While Groceries,Astra,Groceries,12.96,USD,333,3.01,128,83,2024-05-10
P000106,Zenith However Toys,Zenith,Toys,104.25,USD,492,4.74,124,34,2025-05-22
P000107,Pulse Seat Toys,Pulse,Toys,10.73,USD,310,3.62,112,3,2023-09-12
P000108,Pulse Whom Automotive,Pulse,Automotive,356.17,USD,1284,3.78,104,39,2023-04-11
P000109,Willow Career Books,Willow,Books,13.12,USD,672,3.63,116,17,2023-11-30
P000110,GreenLeaf Worry Electronics,GreenLeaf,Electronics,710.2,USD,33,3.85,105,21,2023-05-21
P000111,Nimbus Spring Toys,Nimbus,Toys,47.31,USD,1215,4.14,120,79,2023-12-10
P000112,NeoTech Fear Beauty,NeoTech,Beauty,53.98,USD,1321,2.95,118,69,2025-05-09
P000113,Orion Show Electronics,Orion,Electronics,78.05,USD,616,3.32,122,53,2025-07-04
P000114,Willow Picture Beauty,Willow,Beauty,127.88,USD,611,2.96,103,15,2024-02-18
P000115,Harbor Away Beauty,Harbor,Beauty,98.9,USD,120,3.75,113,11,2023-12-30
P000116,Willow Relationship Sports,Willow,Sports,29.95,USD,1057,3.37,104,203,2025-02-15
P000117,NeoTech Peace Electronics,NeoTech,Electronics,222.4,USD,1114,4.38,125,10,2023-01-29
P000118,GreenLeaf Value Groceries,GreenLeaf,Groceries,83.09,USD,1805,4.05,129,17,2024-09-30
P000119,Zenith Special Automotive,Zenith,Automotive,458.18,USD,953,2.82,111,36,2023-09-04
P000120,Willow High Electronics,Willow,Electronics,492.74,USD,1148,4.57,107,45,2023-12-23
P000121,Zenith Test Home,Zenith,Home & Kitchen,280.01,USD,547,3.37,106,22,2023-01-02
P000122,Nimbus Place Pet,Nimbus,Pet Supplies,71.53,USD,1118,3.27,129,58,2025-02-27
P000123,Everest Who Clothing,Everest,Clothing,7.3,USD,147,3.68,140,22,2023-03-23
P000124,GreenLeaf Drug Pet,GreenLeaf,Pet Supplies,98.78,USD,581,4.03,99,11,2023-05-25
P000125,Everest Cup Books,Everest,Books,50.59,USD,713,3.02,130,9,2023-02-16
P000126,Zenith Five Automotive,Zenith,Automotive,416.42,USD,254,4.34,125,85,2024-04-01
P000127,Astra Group Pet,Astra,Pet Supplies,150.17,USD,249,4.74,131,26,2024-02-07
P000128,Everest Couple Books,Everest,Books,37.24,USD,1294,4.72,128,19,2024-03-22
P000129,Astra Feel Beauty,Astra,Beauty,160.06,USD,334,3.03,121,25,2023-11-23
P000130,Acme Republican Books,Acme,Books,28.13,USD,739,3.14,124,142,2025-05-11
P000131,Nimbus Already Pet,Nimbus,Pet Supplies,180.1,USD,177,4.16,121,49,2023-10-01
P000132,Zenith Know Pet,Zenith,Pet Supplies,74.78,USD,833,4.58,111,20,2023-07-08
P000133,GreenLeaf Information Sports,GreenLeaf,Sports,239.7,USD,127,3.03,135,73,2024-12-16
P000134,NeoTech They Electronics,NeoTech,Electronics,1027.75,USD,154,3.87,111,9,2023-04-22
P000135,Everest Sure Electronics,Everest,Electronics,533.47,USD,1594,3.98,121,60,2023-03-28
P000136,Nimbus Rich Automotive,Nimbus,Automotive,123.18,USD,99,4.07,123,121,2025-02-07
P000137,Orion Reality Beauty,Orion,Beauty,28.78,USD,465,4.55,123,9,2025-06-23
P000138,GreenLeaf Suggest Clothing,GreenLeaf,Clothing,180.65,USD,547,3.0,141,104,2025-04-26
P000139,Nimbus College Automotive,Nimbus,Automotive,530.7,USD,689,2.6,107,62,2023-12-01
P000140,Acme Paper Home,Acme,Home & Kitchen,179.49,USD,2019,4.57,118,68,2024-06-15
P000141,Pulse Rich Electronics,Pulse,Electronics,886.3,USD,1385,3.7,117,46,2024-04-21
P000142,Everest Mention Groceries,Everest,Groceries,23.52,USD,43,3.07,115,1,2024-11-16
P000143,Pulse Religious Automotive,Pulse,Automotive,159.52,USD,568,4.08,115,22,2024-02-26
P000144,GreenLeaf Spend Clothing,GreenLeaf,Clothing,132.09,USD,301,3.8,106,31,2023-02-27
P000145,NeoTech Large Sports,NeoTech,Sports,132.56,USD,466,2.85,115,124,2023-09-29
P000146,Orion Protect Pet,Orion,Pet Supplies,65.12,USD,923,3.49,107,163,2023-05-02
P000147,GreenLeaf Surface Groceries,GreenLeaf,Groceries,72.99,USD,557,3.86,128,4,2025-04-21
P000148,Solace Little Sports,Solace,Sports,203.63,USD,634,3.68,122,12,2024-06-10
P000149,Orion Statement Home,Orion,Home & Kitchen,289.14,USD,1713,4.73,118,38,2024-05-11
P000150,Solace Government Groceries,Solace,Groceries,14.63,USD,672,4.28,116,11,2025-06-04
P000151,Everest His Pet,Everest,Pet Supplies,60.86,USD,1911,4.26,107,2,2023-04-28
P000152,Harbor Country Automotive,Harbor,Automotive,336.16,USD,533,2.63,111,14,2025-10-25
P000153,Orion Night Automotive,Orion,Automotive,281.13,USD,901,2.56,111,54,2025-03-07
P000154,Solace Truth Groceries,Solace,Groceries,11.07,USD,262,4.19,132,98,2024-12-08
P000155,Zenith Citizen Books,Zenith,Books,18.29,USD,1002,4.08,136,18,2023-01-08
P000156,Orion Yourself Home,Orion,Home & Kitchen,189.52,USD,1921,2.99,131,113,2025-09-06
P000157,Pulse Performance Pet,Pulse,Pet Supplies,75.04,USD,636,3.94,112,46,2023-09-28
P000158,Nimbus Myself Electronics,Nimbus,Electronics,1212.83,USD,1245,3.89,129,30,2025-05-02
P000159,Pulse Should Pet,Pulse,Pet Supplies,112.25,USD,1392,4.82,130,113,2025-07-03
P000160,Astra Learn Pet,Astra,Pet Supplies,49.09,USD,1047,4.17,106,16,2023-02-20
P000161,Astra Father Beauty,Astra,Beauty,19.16,USD,788,4.74,112,10,2023-02-11
P000162,Harbor Trip Beauty,Harbor,Beauty,36.61,USD,951,2.93,125,41,2024-05-28
P000163,Nimbus Hit Pet,Nimbus,Pet Supplies,89.53,USD,1296,3.3,125,47,2023-02-22
P000164,NeoTech Place Automotive,NeoTech,Automotive,96.06,USD,1155,3.45,121,25,2024-12-21
P000165,Solace Entire Pet,Solace,Pet Supplies,37.29,USD,90,3.61,123,5,2024-03-22
P000166,Astra Republican Automotive,Astra,Automotive,16.93,USD,148,3.3,127,23,2023-11-07
P000167,Zenith Tell Books,Zenith,Books,40.11,USD,2615,4.3,141,55,2023-01-25
P000168,GreenLeaf Example Books,GreenLeaf,Books,66.52,USD,725,4.37,120,4,2023-07-07
P000169,Willow Heavy Clothing,Willow,Clothing,214.34,USD,72,2.74,100,7,2024-03-13
P000170,NeoTech Likely Automotive,NeoTech,Automotive,1114.18,USD,472,3.3,111,30,2023-12-07
P000171,Zenith Provide Electronics,Zenith,Electronics,637.82,USD,1288,3.56,123,17,2023-02-07
P000172,Pulse Brother Clothing,Pulse,Clothing,41.96,USD,329,3.18,134,40,2024-01-10
P000173,Orion Although Sports,Orion,Sports,159.49,USD,1374,2.93,133,60,2024-07-11
P000174,Solace Individual Pet,Solace,Pet Supplies,126.11,USD,463,4.33,143,221,2023-09-18
P000175,Orion Become Pet,Orion,Pet Supplies,33.91,USD,676,4.65,122,11,2024-07-15
P000176,Astra Card Beauty,Astra,Beauty,148.39,USD,339,2.91,143,178,2025-02-01
P000177,Solace Property Books,Solace,Books,34.5,USD,533,3.07,132,20,2024-06-01
P000178,Everest Walk Sports,Everest,Sports,49.54,USD,910,2.92,101,7,2023-10-16
P000179,GreenLeaf Low Clothing,GreenLeaf,Clothing,160.1,USD,225,2.76,114,4,2024-12-23
P000180,Harbor Either Pet,Harbor,Pet Supplies,112.91,USD,1344,3.59,135,50,2025-08-21
P000181,Harbor Well Beauty,Harbor,Beauty,48.04,USD,1362,4.7,115,141,2025-05-25
P000182,Solace Significant Clothing,Solace,Clothing,173.73,USD,1497,3.36,129,50,2025-05-10
P000183,Acme Outside Beauty,Acme,Beauty,87.97,USD,91,3.42,104,15,2024-04-25
P000184,Harbor Ball Books,Harbor,Books,2.26,USD,350,2.7,93,14,2023-12-09
P000185,Willow American Toys,Willow,Toys,98.09,USD,697,2.52,126,25,2023-06-03
P000186,GreenLeaf Shake Groceries,GreenLeaf,Groceries,34.1,USD,170,4.16,143,107,2024-10-31
P000187,GreenLeaf Us Home,GreenLeaf,Home & Kitchen,297.3,USD,815,4.8,125,237,2023-04-17
P000188,NeoTech Music Clothing,NeoTech,Clothing,108.48,USD,569,3.51,110,11,2025-10-25
P000189,Pulse Bar Beauty,Pulse,Beauty,100.96,USD,1461,3.2,108,4,2023-12-21
P000190,Acme Public Pet,Acme,Pet Supplies,29.39,USD,1348,2.92,131,9,2025-02-24
P000191,GreenLeaf Knowledge Pet,GreenLeaf,Pet Supplies,19.69,USD,722,2.85,122,46,2024-02-25
P000192,Willow Create Home,Willow,Home & Kitchen,145.62,USD,977,4.47,134,8,2025-09-23
P000193,Orion Even Electronics,Orion,Electronics,578.65,USD,2118,3.54,117,6,2025-01-26
P000194,Willow Situation Beauty,Willow,Beauty,21.59,USD,270,3.15,101,35,2025-07-15
P000195,Pulse Think Beauty,Pulse,Beauty,89.85,USD,689,4.88,120,96,2025-08-15
P000196,Everest But Books,Everest,Books,56.45,USD,784,3.99,126,22,2025-04-12
P000197,Solace Own Electronics,Solace,Electronics,779.68,USD,222,3.86,125,81,2023-10-01
P000198,Zenith Floor Home,Zenith,Home & Kitchen,212.62,USD,1082,3.28,126,92,2024-10-07
P000199,Zenith Notice Home,Zenith,Home & Kitchen,228.23,USD,1028,3.44,135,10,2025-06-15
P000200,Zenith Either Groceries,Zenith,Groceries,4.17,USD,176,3.57,107,69,2024-12-29
P000201,Orion Appear Groceries,Orion,Groceries,1.19,USD,1532,3.65,113,1,2024-01-28
P000202,GreenLeaf Material Toys,GreenLeaf,Toys,59.77,USD,581,4.14,124,16,2023-08-14
P000203,Acme Worry Toys,Acme,Toys,52.57,USD,685,2.59,121,73,2024-04-03
P000204,NeoTech Skin Toys,NeoTech,Toys,104.22,USD,663,4.23,126,135,2024-12-23
P000205,Nimbus Cultural Pet,Nimbus,Pet Supplies,17.13,USD,331,4.39,123,4,2023-10-18
P000206,Harbor Remain Electronics,Harbor,Electronics,143.92,USD,612,2.84,128,104,2023-02-17
P000207,Willow Inside Electronics,Willow,Electronics,1348.6,USD,457,4.5,118,58,2025-08-12
P000208,Zenith Resource Clothing,Zenith,Clothing,88.99,USD,367,4.14,126,80,2023-10-26
P000209,Orion Accept Automotive,Orion,Automotive,151.73,USD,58,2.9,107,54,2024-03-03
P000210,Solace After Sports,Solace,Sports,182.31,USD,1016,4.06,117,52,2025-03-31
P000211,Harbor Realize Beauty,Harbor,Beauty,23.76,USD,704,3.93,111,113,2023-05-17
P000212,Solace Example Groceries,Solace,Groceries,27.48,USD,326,4.33,134,24,2024-04-30
P000213,Everest Street Automotive,Everest,Automotive,419.21,USD,875,4.11,133,75,2025-10-20
P000214,Acme Friend Electronics,Acme,Electronics,523.27,USD,768,4.39,139,3,2023-04-12
P000215,Everest Down Groceries,Everest,Groceries,16.58,USD,1662,2.74,105,7,2023-01-19
P000216,Nimbus Garden Toys,Nimbus,Toys,79.44,USD,257,4.23,99,35,2023-08-20
P000217,Pulse Population Books,Pulse,Books,63.42,USD,32,3.95,119,20,2023-10-29
P000218,Orion Seem Pet,Orion,Pet Supplies,4.67,USD,60,3.53,123,34,2024-10-01
P000219,Nimbus Magazine Sports,Nimbus,Sports,221.04,USD,850,4.34,104,77,2024-09-08
P000220,Harbor Prove Electronics,Harbor,Electronics,1011.0,USD,491,2.82,122,62,2024-09-16
P000221,Nimbus Number Beauty,Nimbus,Beauty,112.07,USD,1143,4.6,115,6,2024-02-13
P000222,Orion Wonder Toys,Orion,Toys,102.83,USD,95,3.15,122,8,2024-08-07
P000223,Everest Gun Pet,Everest,Pet Supplies,10.58,USD,968,3.42,104,10,2023-12-24
P000224,Solace Half Groceries,Solace,Groceries,27.39,USD,796,4.27,127,103,2025-05-12
P000225,GreenLeaf Civil Pet,GreenLeaf,Pet Supplies,127.76,USD,81,3.76,136,5,2024-04-29
P000226,Willow Situation Clothing,Willow,Clothing,130.64,USD,1563,4.64,121,53,2024-06-07
P000227,Zenith No Groceries,Zenith,Groceries,21.51,USD,122,4.01,115,104,2025-01-01
P000228,Harbor Report Beauty,Harbor,Beauty,79.66,USD,1413,4.77,122,35,2024-02-14
P000229,Harbor Interesting Books,Harbor,Books,33.06,USD,606,3.24,126,12,2023-02-03
P000230,Nimbus Together Beauty,Nimbus,Beauty,72.13,USD,421,4.84,128,66,2024-08-22
P000231,Orion Bar Home,Orion,Home & Kitchen,98.25,USD,681,3.39,122,221,2024-10-24
P000232,Orion Option Automotive,Orion,Automotive,756.23,USD,1934,3.72,137,104,2025-10-30
P000233,Willow Because Beauty,Willow,Beauty,118.93,USD,771,3.65,110,123,2023-08-06
P000234,Orion Next Electronics,Orion,Electronics,979.29,USD,1131,4.38,127,8,2024-01-23
P000235,Nimbus Film Beauty,Nimbus,Beauty,13.81,USD,47,4.68,108,179,2025-02-26
P000236,Harbor Live Books,Harbor,Books,14.81,USD,469,3.57,118,103,2024-12-08
P000237,Willow All Toys,Willow,Toys,95.55,USD,901,4.58,116,10,2023-06-13
P000238,Zenith Pattern Books,Zenith,Books,21.85,USD,506,2.98,129,21,2023-06-24
P000239,Pulse He Toys,Pulse,Toys,56.56,USD,891,4.79,100,14,2024-08-15
P000240,Zenith Just Groceries,Zenith,Groceries,8.64,USD,713,4.29,118,89,2025-11-10
P000241,Willow Agency Pet,Willow,Pet Supplies,49.83,USD,1190,2.64,108,10,2025-02-27
P000242,Willow Federal Books,Willow,Books,67.85,USD,1488,3.73,133,33,2024-08-06
P000243,Zenith Military Home,Zenith,Home & Kitchen,175.72,USD,701,3.34,104,13,2025-11-04
P000244,Acme How Home,Acme,Home & Kitchen,317.55,USD,60,3.84,91,139,2025-08-24
P000245,Everest Catch Automotive,Everest,Automotive,342.39,USD,445,2.83,120,20,2024-02-01
P000246,Solace To Groceries,Solace,Groceries,36.26,USD,872,3.0,119,102,2023-05-10
P000247,Harbor Individual Clothing,Harbor,Clothing,266.12,USD,398,2.79,127,9,2023-08-18
P000248,Acme Bring Beauty,Acme,Beauty,148.15,USD,30,4.53,134,30,2024-08-21
P000249,Solace Could Beauty,Solace,Beauty,47.91,USD,906,2.96,126,146,2025-06-26
P000250,Orion Speak Beauty,Orion,Beauty,43.84,USD,756,4.8,126,43,2025-03-26
P000251,Astra Simple Home,Astra,Home & Kitchen,247.01,USD,424,3.19,125,26,2025-10-23
P000252,Zenith Oil Electronics,Zenith,Electronics,465.04,USD,308,2.95,122,77,2024-03-04
P000253,Willow Society Clothing,Willow,Clothing,72.11,USD,1281,4.17,125,21,2023-08-17
P000254,GreenLeaf Wear Clothing,GreenLeaf,Clothing,234.36,USD,1018,3.17,131,30,2024-09-20
P000255,Solace Front Pet,Solace,Pet Supplies,147.54,USD,522,2.76,116,21,2025-03-19
P000256,Willow Professor Beauty,Willow,Beauty,8.63,USD,1752,2.87,111,31,2023-04-21
P000257,Solace Usually Pet,Solace,Pet Supplies,105.58,USD,1317,4.56,119,49,2024-12-21
P000258,Acme Property Automotive,Acme,Automotive,36.49,USD,1410,4.56,116,34,2025-03-10
P000259,GreenLeaf Friend Beauty,GreenLeaf,Beauty,148.9,USD,2461,3.85,129,48,2024-06-10
P000260,Everest No Home,Everest,Home & Kitchen,225.78,USD,823,3.38,115,132,2024-02-16
P000261,Acme Town Pet,Acme,Pet Supplies,41.78,USD,431,2.7,114,18,2024-02-28
P000262,Pulse Something Clothing,Pulse,Clothing,23.63,USD,827,2.55,127,48,2024-05-01
P000263,Harbor That Books,Harbor,Books,10.91,USD,330,3.22,126,11,2025-08-27
P000264,Nimbus Close Toys,Nimbus,Toys,13.58,USD,687,4.28,122,7,2025-08-27
P000265,GreenLeaf Cost Clothing,GreenLeaf,Clothing,23.36,USD,951,4.43,122,83,2024-02-24
P000266,NeoTech About Toys,NeoTech,Toys,27.15,USD,621,3.88,131,47,2024-07-12
P000267,NeoTech Good Sports,NeoTech,Sports,236.42,USD,40,3.75,117,48,2025-03-11
P000268,Willow Reality Books,Willow,Books,19.12,USD,1111,4.48,130,15,2023-06-30
P000269,Pulse Whatever Home,Pulse,Home & Kitchen,95.69,USD,1508,4.67,103,56,2023-04-14
P000270,Orion Partner Sports,Orion,Sports,157.85,USD,500,4.65,128,10,2024-11-16
P000271,Solace Kid Books,Solace,Books,50.96,USD,406,3.87,125,2,2024-03-06
P000272,Zenith Provide Automotive,Zenith,Automotive,440.78,USD,724,3.9,123,26,2023-01-31
P000273,GreenLeaf Door Toys,GreenLeaf,Toys,41.54,USD,1821,4.18,127,29,2023-05-26
P000274,Astra President Clothing,Astra,Clothing,105.27,USD,82,4.67,112,44,2024-06-12
P000275,GreenLeaf Be Electronics,GreenLeaf,Electronics,587.2,USD,321,2.79,115,14,2024-09-20
P000276,Willow Sign Sports,Willow,Sports,242.87,USD,536,4.7,111,82,2024-03-04
P000277,NeoTech Agency Books,NeoTech,Books,31.85,USD,1176,4.47,114,39,2023-12-07
P000278,GreenLeaf Enjoy Home,GreenLeaf,Home & Kitchen,207.18,USD,2067,3.56,119,67,2023-06-24
P000279,Acme Process Home,Acme,Home & Kitchen,152.18,USD,570,4.15,126,11,2024-05-10
P000280,Willow Benefit Books,Willow,Books,38.48,USD,575,4.77,129,31,2025-09-25
P000281,Nimbus Agency Pet,Nimbus,Pet Supplies,15.58,USD,997,3.98,111,132,2025-02-18
P000282,Pulse Use Pet,Pulse,Pet Supplies,101.68,USD,1134,3.04,121,93,2025-04-08
P000283,Nimbus Improve Sports,Nimbus,Sports,237.61,USD,262,2.95,132,8,2024-08-02
P000284,Harbor Treat Home,Harbor,Home & Kitchen,298.95,USD,221,4.59,122,23,2023-07-22
P000285,NeoTech White Toys,NeoTech,Toys,6.9,USD,1232,3.96,120,47,2023-06-19
P000286,GreenLeaf Home Pet,GreenLeaf,Pet Supplies,124.52,USD,508,3.12,105,96,2025-01-28
P000287,Willow Education Automotive,Willow,Automotive,139.7,USD,277,4.5,131,102,2023-07-03
P000288,Harbor Write Books,Harbor,Books,17.75,USD,320,2.86,108,27,2025-01-17
P000289,Acme Decision Groceries,Acme,Groceries,45.18,USD,502,4.87,132,52,2023-12-05
P000290,Willow Finally Automotive,Willow,Automotive,1115.69,USD,269,3.85,108,73,2023-03-09
P000291,Nimbus Allow Pet,Nimbus,Pet Supplies,5.47,USD,265,4.14,99,24,2023-08-06
P000292,Harbor Main Clothing,Harbor,Clothing,211.38,USD,553,4.08,114,29,2024-04-26
P000293,Acme Return Books,Acme,Books,45.49,USD,394,3.28,110,52,2024-09-24
P000294,GreenLeaf Effort Electronics,GreenLeaf,Electronics,92.03,USD,843,4.37,130,4,2025-04-15
P000295,NeoTech Main Beauty,NeoTech,Beauty,69.08,USD,240,4.5,111,207,2024-06-08
P000296,Nimbus Bring Automotive,Nimbus,Automotive,321.98,USD,75,2.6,126,6,2025-04-23
P000297,Willow Third Books,Willow,Books,41.16,USD,512,3.22,124,85,2023-12-14
P000298,NeoTech Wife Home,NeoTech,Home & Kitchen,242.47,USD,2340,4.09,106,29,2025-08-11
P000299,Pulse Election Pet,Pulse,Pet Supplies,59.98,USD,330,4.19,117,24,2024-04-29
P000300,Solace Available Books,Solace,Books,68.82,USD,1119,3.12,117,2,2023-01-08
P000301,Harbor Alone Clothing,Harbor,Clothing,5.36,USD,823,3.98,110,39,2024-12-16
P000302,Astra Investment Pet,Astra,Pet Supplies,30.63,USD,485,2.56,118,41,2025-06-28
P000303,NeoTech Many Groceries,NeoTech,Groceries,8.2,USD,256,4.67,114,9,2025-06-23
P000304,Willow Avoid Groceries,Willow,Groceries,0.78,USD,154,4.85,119,26,2025-04-01
P000305,GreenLeaf Ever Groceries,GreenLeaf,Groceries,39.62,USD,1341,3.06,118,59,2025-07-15
P000306,Everest Note Electronics,Everest,Electronics,66.58,USD,1247,3.55,125,52,2023-05-07
P000307,Pulse Standard Home,Pulse,Home & Kitchen,250.43,USD,1759,4.62,121,4,2024-09-28
P000308,Harbor None Toys,Harbor,Toys,77.45,USD,1887,2.81,92,58,2025-01-19
P000309,Orion Leg Sports,Orion,Sports,272.17,USD,657,2.88,128,5,2024-05-19
P000310,Acme She Automotive,Acme,Automotive,483.45,USD,572,3.84,125,76,2023-03-04
P000311,GreenLeaf Task Home,GreenLeaf,Home & Kitchen,68.08,USD,1085,3.96,152,16,2024-02-22
P000312,Everest Test Clothing,Everest,Clothing,29.74,USD,1558,2.74,110,25,2025-01-30
P000313,Astra Among Books,Astra,Books,3.32,USD,954,3.14,121,53,2024-01-17
P000314,Astra Sense Toys,Astra,Toys,76.51,USD,1949,3.74,131,70,2025-08-30
P000315,Acme Professional Books,Acme,Books,19.74,USD,181,2.59,110,133,2024-11-12
P000316,Solace Later Home,Solace,Home & Kitchen,186.66,USD,1068,4.28,143,48,2025-04-06
P000317,Acme Body Books,Acme,Books,37.23,USD,288,3.33,125,110,2023-06-03
P000318,Nimbus Everybody Toys,Nimbus,Toys,68.94,USD,722,3.25,139,95,2025-03-06
P000319,NeoTech Particularly Books,NeoTech,Books,44.07,USD,1795,3.4,128,93,2025-03-01
P000320,Astra Brother Automotive,Astra,Automotive,462.11,USD,912,4.22,93,40,2025-01-27
P000321,Solace Hit Automotive,Solace,Automotive,102.92,USD,31,2.96,110,86,2024-03-09
P000322,Willow Group Books,Willow,Books,60.58,USD,1088,3.91,123,40,2023-05-29
P000323,Harbor Eight Automotive,Harbor,Automotive,159.7,USD,918,3.66,134,59,2025-04-14
P000324,Orion Develop Groceries,Orion,Groceries,24.3,USD,892,4.55,103,32,2023-10-05
P000325,Zenith Girl Clothing,Zenith,Clothing,53.17,USD,980,3.51,128,41,2024-11-04
P000326,Pulse Back Beauty,Pulse,Beauty,47.7,USD,398,4.38,122,78,2024-04-25
P000327,GreenLeaf Security Groceries,GreenLeaf,Groceries,30.13,USD,1028,4.0,116,160,2024-05-30
P000328,Nimbus Election Toys,Nimbus,Toys,11.92,USD,166,4.35,118,106,2025-03-05
P000329,Everest Guess Beauty,Everest,Beauty,87.43,USD,1256,2.54,117,26,2023-11-06
P000330,Orion Light Automotive,Orion,Automotive,352.24,USD,51,3.68,123,6,2023-12-13
P000331,Astra Little Electronics,Astra,Electronics,403.97,USD,657,2.72,122,44,2025-01-03
P000332,Harbor Out Beauty,Harbor,Beauty,162.15,USD,1275,4.76,112,83,2023-10-16
P000333,Acme Also Clothing,Acme,Clothing,123.61,USD,507,3.66,115,4,2025-03-09
P000334,NeoTech Choose Toys,NeoTech,Toys,86.06,USD,1055,2.7,118,37,2024-07-01
P000335,Nimbus Agree Automotive,Nimbus,Automotive,35.96,USD,1003,4.81,110,6,2023-08-20
P000336,Pulse Hospital Pet,Pulse,Pet Supplies,46.27,USD,971,4.52,124,28,2024-08-14
P000337,Acme Sell Beauty,Acme,Beauty,99.85,USD,277,3.71,116,93,2023-11-02
P000338,NeoTech You Books,NeoTech,Books,29.54,USD,788,4.69,115,23,2025-01-20
P000339,NeoTech Out Home,NeoTech,Home & Kitchen,12.09,USD,924,4.6,142,19,2024-10-26
P000340,Everest May Clothing,Everest,Clothing,216.54,USD,354,4.17,109,93,2025-01-18
P000341,Zenith Report Electronics,Zenith,Electronics,365.41,USD,1807,3.23,101,8,2023-11-06
P000342,Nimbus Six Sports,Nimbus,Sports,74.6,USD,381,3.17,129,66,2025-04-24
P000343,Willow Career Automotive,Willow,Automotive,86.23,USD,751,4.55,99,71,2023-06-03
P000344,GreenLeaf Final Automotive,GreenLeaf,Automotive,288.77,USD,223,4.04,137,15,2025-06-20
P000345,Astra Even Electronics,Astra,Electronics,579.19,USD,152,3.51,129,31,2024-10-29
P000346,Astra Ahead Groceries,Astra,Groceries,19.08,USD,498,2.89,137,4,2025-06-11
P000347,Zenith Past Beauty,Zenith,Beauty,49.15,USD,1217,3.32,137,22,2023-11-14
P000348,Astra Pattern Electronics,Astra,Electronics,578.33,USD,579,3.41,141,42,2023-01-13
P000349,Orion Himself Clothing,Orion,Clothing,109.25,USD,86,3.98,125,67,2025-01-26
P000350,Nimbus Skill Toys,Nimbus,Toys,54.15,USD,2441,2.56,123,180,2025-07-01
P000351,Astra Nation Automotive,Astra,Automotive,342.9,USD,158,3.66,122,96,2024-03-01
P000352,Willow Present Pet,Willow,Pet Supplies,101.37,USD,631,2.85,121,63,2025-08-02
P000353,Pulse Guy Groceries,Pulse,Groceries,31.47,USD,1847,3.33,143,10,2024-11-06
P000354,NeoTech People Sports,NeoTech,Sports,182.08,USD,2118,3.98,125,28,2025-06-13
P000355,Astra Former Toys,Astra,Toys,29.25,USD,92,4.26,119,83,2024-07-02
P000356,GreenLeaf Human Books,GreenLeaf,Books,19.45,USD,991,4.69,108,16,2025-06-26
P000357,Acme Memory Books,Acme,Books,12.49,USD,1809,3.13,134,12,2024-11-11
P000358,Acme Truth Clothing,Acme,Clothing,34.39,USD,484,3.76,84,75,2024-07-04
P000359,Harbor Continue Pet,Harbor,Pet Supplies,243.73,USD,447,3.09,120,40,2024-05-22
P000360,Solace Hundred Electronics,Solace,Electronics,788.16,USD,914,3.67,110,25,2023-01-15
P000361,Willow Your Clothing,Willow,Clothing,157.17,USD,44,3.76,124,44,2023-03-09
P000362,GreenLeaf Down Groceries,GreenLeaf,Groceries,54.31,USD,356,3.02,107,39,2023-11-21
P000363,Harbor Door Toys,Harbor,Toys,46.83,USD,1333,3.99,137,98,2023-06-07
P000364,Willow Politics Toys,Willow,Toys,26.48,USD,97,4.52,125,113,2025-03-27
P000365,Everest Strategy Automotive,Everest,Automotive,452.34,USD,364,4.46,135,5,2023-05-06
P000366,Nimbus Debate Beauty,Nimbus,Beauty,127.31,USD,514,3.47,124,28,2024-01-09
P000367,Solace Machine Toys,Solace,Toys,28.27,USD,1298,3.91,121,10,2024-08-20
P000368,Willow Pull Automotive,Willow,Automotive,298.83,USD,987,3.4,131,99,2025-08-08
P000369,Orion Though Pet,Orion,Pet Supplies,107.86,USD,1421,3.22,131,33,2025-02-21
P000370,Acme Tell Pet,Acme,Pet Supplies,77.61,USD,1302,3.42,115,89,2025-04-01
P000371,Zenith Need Toys,Zenith,Toys,17.16,USD,947,4.15,111,6,2025-07-31
P000372,Acme Site Groceries,Acme,Groceries,3.23,USD,1133,4.56,125,70,2023-08-01
P000373,Harbor Red Toys,Harbor,Toys,133.85,USD,164,4.2,105,33,2023-02-04
P000374,Orion Produce Groceries,Orion,Groceries,10.77,USD,407,4.44,108,5,2023-04-14
P000375,Astra Girl Automotive,Astra,Automotive,652.23,USD,130,3.21,125,17,2024-06-16
P000376,Orion Experience Pet,Orion,Pet Supplies,6.56,USD,610,4.63,134,13,2024-08-03
P000377,Pulse Nor Home,Pulse,Home & Kitchen,316.43,USD,1397,3.38,137,16,2025-06-07
P000378,Everest Note Clothing,Everest,Clothing,53.86,USD,630,4.29,119,31,2025-07-04
P000379,Harbor Success Sports,Harbor,Sports,28.8,USD,1187,3.55,104,189,2023-02-28
P000380,Pulse Our Groceries,Pulse,Groceries,4.54,USD,847,2.87,113,99,2024-07-02
P000381,Orion Election Books,Orion,Books,60.76,USD,1002,3.44,114,2,2023-09-26
P000382,Willow Sister Beauty,Willow,Beauty,164.54,USD,200,3.31,127,7,2023-07-11
P000383,NeoTech Would Sports,NeoTech,Sports,228.01,USD,230,3.85,119,2,2024-11-13
P000384,Solace Election Sports,Solace,Sports,30.14,USD,1133,3.6,128,19,2023-08-28
P000385,NeoTech Series Clothing,NeoTech,Clothing,167.07,USD,1878,4.88,109,112,2024-04-23
P000386,Orion Amount Pet,Orion,Pet Supplies,183.61,USD,29,4.15,133,3,2025-10-24
P000387,Zenith Exactly Groceries,Zenith,Groceries,39.2,USD,700,4.65,138,6,2024-08-02
P000388,Nimbus Benefit Beauty,Nimbus,Beauty,68.35,USD,2660,3.94,114,29,2025-02-18
P000389,GreenLeaf Significant Groceries,GreenLeaf,Groceries,46.39,USD,1608,4.26,118,113,2025-05-21
P000390,Nimbus Attack Books,Nimbus,Books,57.53,USD,1909,4.01,111,62,2025-08-08
P000391,Willow Cause Clothing,Willow,Clothing,39.99,USD,184,2.69,123,34,2024-07-02
P000392,Pulse Ask Groceries,Pulse,Groceries,19.27,USD,595,4.78,112,5,2023-08-06
P000393,Harbor Either Books,Harbor,Books,9.48,USD,480,2.7,114,9,2024-09-06
P000394,Solace Party Beauty,Solace,Beauty,53.7,USD,502,2.97,110,17,2024-05-15
P000395,Acme Billion Sports,Acme,Sports,141.18,USD,111,3.91,122,82,2024-07-17
P000396,Acme Station Toys,Acme,Toys,102.46,USD,365,4.02,102,26,2023-02-23
P000397,GreenLeaf Strategy Books,GreenLeaf,Books,51.19,USD,146,2.85,135,36,2024-10-26
P000398,Willow Debate Pet,Willow,Pet Supplies,70.68,USD,32,4.19,117,26,2024-05-16
P000399,Everest Letter Clothing,Everest,Clothing,187.96,USD,916,4.31,114,48,2023-03-29
P000400,Zenith Decade Clothing,Zenith,Clothing,162.22,USD,18,2.5,104,59,2023-04-15
P000401,GreenLeaf Perform Clothing,GreenLeaf,Clothing,50.38,USD,85,3.86,117,7,2023-08-14
P000402,Orion Message Sports,Orion,Sports,74.61,USD,375,2.69,126,56,2023-11-11
P000403,Harbor Act Clothing,Harbor,Clothing,17.1,USD,525,4.39,138,52,2024-09-02
P000404,Zenith Traditional Electronics,Zenith,Electronics,275.59,USD,1019,4.14,137,7,2025-08-07
P000405,Astra Service Books,Astra,Books,17.02,USD,596,4.24,117,2,2025-07-18
P000406,Acme Star Home,Acme,Home & Kitchen,232.43,USD,121,2.95,105,3,2024-11-05
P000407,Acme Perform Books,Acme,Books,21.33,USD,202,4.75,133,54,2025-04-25
P000408,NeoTech Possible Groceries,NeoTech,Groceries,45.98,USD,106,2.81,114,17,2025-03-03
P000409,Pulse A Clothing,Pulse,Clothing,282.26,USD,309,4.77,118,87,2023-09-22
P000410,Zenith Investment Clothing,Zenith,Clothing,91.37,USD,1446,2.8,127,47,2024-09-22
P000411,Everest Mind Home,Everest,Home & Kitchen,243.81,USD,181,4.28,115,29,2024-10-24
P000412,NeoTech Get Toys,NeoTech,Toys,13.42,USD,380,4.29,115,52,2024-06-16
P000413,Solace My Clothing,Solace,Clothing,112.52,USD,154,3.38,123,58,2023-10-25
P000414,Everest Quite Home,Everest,Home & Kitchen,82.74,USD,140,2.85,119,9,2023-11-11
P000415,Orion Trip Beauty,Orion,Beauty,57.39,USD,515,4.01,91,25,2024-07-12
P000416,Willow Growth Sports,Willow,Sports,186.15,USD,220,4.72,129,2,2023-10-16
P000417,Willow Option Home,Willow,Home & Kitchen,377.21,USD,273,3.44,146,7,2024-06-11
P000418,Everest Process Clothing,Everest,Clothing,63.77,USD,1233,4.74,149,89,2024-04-06
P000419,Willow Something Beauty,Willow,Beauty,91.08,USD,411,4.55,107,40,2025-09-19
P000420,NeoTech Method Clothing,NeoTech,Clothing,255.44,USD,710,2.78,118,91,2023-01-07
P000421,NeoTech Walk Automotive,NeoTech,Automotive,394.98,USD,13,4.29,115,4,2025-10-19
P000422,Willow Many Clothing,Willow,Clothing,133.84,USD,905,2.56,122,22,2024-06-04
P000423,Solace Country Pet,Solace,Pet Supplies,111.51,USD,245,4.21,135,35,2023-03-10
P000424,Orion Lay Automotive,Orion,Automotive,711.48,USD,1411,4.06,117,12,2024-12-06
P000425,NeoTech Between Sports,NeoTech,Sports,120.44,USD,712,3.85,127,14,2025-08-28
P000426,Zenith Level Electronics,Zenith,Electronics,896.11,USD,734,4.38,112,80,2023-12-26
P000427,Willow Right Automotive,Willow,Automotive,586.21,USD,486,2.59,134,34,2024-07-18
P000428,Pulse Cover Home,Pulse,Home & Kitchen,43.41,USD,184,4.06,129,12,2023-07-23
P000429,Harbor Boy Home,Harbor,Home & Kitchen,160.56,USD,3020,4.21,117,44,2025-03-11
P000430,NeoTech Different Pet,NeoTech,Pet Supplies,61.55,USD,1703,3.78,109,157,2023-11-19
P000431,Harbor Focus Automotive,Harbor,Automotive,293.31,USD,1417,3.41,136,95,2023-12-02
P000432,Zenith Nice Clothing,Zenith,Clothing,142.14,USD,1312,4.65,124,37,2024-05-09
P000433,Astra Reveal Home,Astra,Home & Kitchen,143.94,USD,199,2.52,127,59,2023-11-11
P000434,GreenLeaf Poor Automotive,GreenLeaf,Automotive,186.65,USD,107,4.2,131,23,2023-08-09
P000435,Willow Remember Home,Willow,Home & Kitchen,261.26,USD,920,4.77,132,18,2023-06-12
P000436,Astra Close Toys,Astra,Toys,14.33,USD,34,2.53,125,74,2023-07-21
P000437,NeoTech Individual Toys,NeoTech,Toys,92.43,USD,1366,4.29,120,6,2025-04-04
P000438,GreenLeaf Together Toys,GreenLeaf,Toys,75.36,USD,816,2.9,115,4,2023-06-15
P000439,Nimbus Recognize Automotive,Nimbus,Automotive,172.53,USD,680,4.5,120,5,2023-06-14
P000440,Pulse Name Clothing,Pulse,Clothing,59.51,USD,576,2.59,117,5,2025-10-26
P000441,Solace Ready Groceries,Solace,Groceries,30.03,USD,261,3.53,140,82,2024-09-16
P000442,Zenith Keep Sports,Zenith,Sports,256.33,USD,1016,4.64,111,33,2025-03-28
P000443,Pulse Exist Automotive,Pulse,Automotive,169.3,USD,731,2.6,125,23,2023-08-28
P000444,Harbor Everyone Toys,Harbor,Toys,34.17,USD,1312,4.21,123,31,2024-05-10
P000445,Harbor Total Books,Harbor,Books,8.7,USD,116,3.07,127,15,2025-05-25
P000446,Harbor Hospital Books,Harbor,Books,48.94,USD,1605,4.34,106,38,2023-06-02
P000447,GreenLeaf Goal Beauty,GreenLeaf,Beauty,121.29,USD,925,4.02,106,18,2025-02-01
P000448,Zenith Themselves Sports,Zenith,Sports,238.95,USD,522,4.02,127,17,2025-02-20
P000449,Nimbus Listen Sports,Nimbus,Sports,241.79,USD,203,2.61,103,20,2023-11-20
P000450,Acme Order Electronics,Acme,Electronics,119.41,USD,119,2.73,118,20,2024-02-17
P000451,NeoTech Key Electronics,NeoTech,Electronics,633.06,USD,427,3.42,126,6,2023-01-06
P000452,Orion Yard Clothing,Orion,Clothing,181.12,USD,572,3.99,127,62,2024-02-28
P000453,GreenLeaf Issue Beauty,GreenLeaf,Beauty,22.28,USD,667,3.84,104,19,2024-01-06
P000454,Astra Support Books,Astra,Books,50.21,USD,621,2.81,147,23,2023-05-27
P000455,Solace Loss Electronics,Solace,Electronics,75.1,USD,1346,3.85,116,13,2025-03-15
P000456,Harbor After Toys,Harbor,Toys,152.04,USD,253,3.12,110,96,2025-05-08
P000457,Pulse Degree Sports,Pulse,Sports,30.12,USD,449,4.4,126,13,2023-08-07
P000458,Nimbus Sense Sports,Nimbus,Sports,154.09,USD,175,3.97,128,54,2023-09-26
P000459,Acme There Books,Acme,Books,12.51,USD,1824,3.9,113,63,2024-01-27
P000460,NeoTech Fund Toys,NeoTech,Toys,17.37,USD,605,3.57,115,91,2024-03-24
P000461,Astra Idea Toys,Astra,Toys,65.78,USD,305,3.24,117,35,2023-12-08
P000462,Harbor Opportunity Home,Harbor,Home & Kitchen,64.71,USD,522,2.53,126,32,2025-02-14
P000463,Harbor Subject Clothing,Harbor,Clothing,31.64,USD,1084,4.4,131,38,2023-08-14
P000464,Zenith Most Electronics,Zenith,Electronics,722.33,USD,103,3.09,115,37,2024-04-06
P000465,GreenLeaf Eye Automotive,GreenLeaf,Automotive,11.42,USD,550,3.04,130,95,2023-04-23
P000466,Orion Eight Toys,Orion,Toys,61.45,USD,259,4.8,99,19,2023-06-18
P000467,Astra Several Beauty,Astra,Beauty,15.07,USD,824,3.52,119,70,2024-05-18
P000468,Solace Set Beauty,Solace,Beauty,114.68,USD,551,4.74,116,5,2024-09-13
P000469,NeoTech Your Home,NeoTech,Home & Kitchen,167.72,USD,255,3.28,130,50,2023-02-18
P000470,Orion Receive Home,Orion,Home & Kitchen,219.94,USD,214,3.42,116,52,2024-02-14
P000471,Willow When Automotive,Willow,Automotive,531.48,USD,516,2.71,113,126,2025-01-11
P000472,Acme Enjoy Books,Acme,Books,9.11,USD,1005,2.83,107,4,2023-10-21
P000473,Orion Policy Groceries,Orion,Groceries,5.47,USD,2181,4.26,147,8,2024-09-06
P000474,Astra Artist Toys,Astra,Toys,20.2,USD,811,4.49,101,58,2023-04-17
P000475,Orion Purpose Toys,Orion,Toys,83.68,USD,1608,2.77,118,41,2023-12-26
P000476,NeoTech Note Electronics,NeoTech,Electronics,76.57,USD,495,3.7,133,13,2024-01-23
P000477,Harbor Wind Sports,Harbor,Sports,80.14,USD,879,4.84,123,30,2023-10-26
P000478,Zenith Marriage Pet,Zenith,Pet Supplies,24.44,USD,543,2.69,129,12,2023-05-21
P000479,Astra So Pet,Astra,Pet Supplies,13.2,USD,357,3.15,124,15,2023-03-19
P000480,Solace Stage Pet,Solace,Pet Supplies,107.08,USD,472,3.25,120,75,2025-02-07
P000481,GreenLeaf Thank Toys,GreenLeaf,Toys,45.18,USD,993,3.64,133,20,2023-06-09
P000482,Pulse City Electronics,Pulse,Electronics,195.5,USD,208,4.88,119,2,2024-09-10
P000483,Everest Painting Automotive,Everest,Automotive,688.21,USD,28,4.21,116,26,2023-07-29
P000484,Nimbus Behavior Toys,Nimbus,Toys,103.35,USD,630,4.83,122,152,2024-04-04
P000485,Willow Generation Clothing,Willow,Clothing,55.77,USD,1142,3.64,115,43,2024-08-23
P000486,Willow Source Beauty,Willow,Beauty,7.39,USD,31,3.38,103,126,2024-11-24
P000487,Astra Onto Pet,Astra,Pet Supplies,45.59,USD,1059,4.47,123,151,2024-07-11
P000488,Orion Film Electronics,Orion,Electronics,987.04,USD,2617,4.66,113,72,2024-12-24
P000489,Zenith Challenge Groceries,Zenith,Groceries,15.78,USD,1247,4.19,119,77,2025-03-20
P000490,Zenith Author Groceries,Zenith,Groceries,33.73,USD,570,3.37,114,11,2025-07-02
P000491,Willow Scene Toys,Willow,Toys,12.31,USD,669,4.6,132,84,2025-01-16
P000492,Harbor Former Groceries,Harbor,Groceries,49.12,USD,1102,3.51,107,54,2025-10-01
P000493,Everest Herself Groceries,Everest,Groceries,25.24,USD,765,4.1,91,29,2025-08-07
P000494,Orion Like Pet,Orion,Pet Supplies,205.74,USD,1556,2.77,113,4,2025-02-22
P000495,Pulse Difficult Toys,Pulse,Toys,137.98,USD,429,3.51,133,69,2023-07-13
P000496,Orion Management Automotive,Orion,Automotive,190.57,USD,468,4.47,131,63,2023-08-27
P000497,GreenLeaf High Clothing,GreenLeaf,Clothing,243.04,USD,308,3.4,117,83,2023-12-16
P000498,Solace Research Automotive,Solace,Automotive,624.82,USD,692,2.71,127,40,2025-10-16
P000499,Zenith Event Clothing,Zenith,Clothing,138.97,USD,1631,3.2,93,153,2023-09-25
P000500,Nimbus Small Toys,Nimbus,Toys,78.12,USD,1144,4.19,129,64,2025-09-05
